,ПРАЙС CASTROMIR ОБЩИЙ,,
,Дата: 20.04.2026,,
,Склад:,ОСНОВНОЙ СКЛАД,
№ п/п,Товар,оптовая заказ,Производитель
,БАКАЛЕЯ,,
1,"Томатная паста ""Фая"" 4.5 кг",4140.9,
2,"Кисель "" ASYL"" 1 кг",1037.9,Казахстан
3,"Кисель ""Вкусный Миг"" 1кг (в ассортименте)",1037.9,Россия
4,"Лапша Ашлян-фу ""ЖУЙ СИНЬ"" 0,16кг",374.5,Китай
5,"Лапша РАМЕН ""MILD"" 5шт*0,12кг (желтый)",535,Корея
,"Лапша РАМЕН ""SAMAYANG CHEESE""",,
6,,909.5,Корея
,"5шт*0,12кг (желтый)",,
,"Лапша Рамен ""SAMAYANG"" 5шт*0,12кг",,
7,,658.05,Корея
,(оранжевый),,
8,"Лапша Рамен ""Shin"" 5шт*0,12кг (красный)",567.1,Корея
,"Лапша Рамен ""SHINN CHEESE"" 5шт*0,12 кг",,
9,,749,Корея
,(желтый),,
,"Лапша Рамен ""САРИ"" ( без приправ ) Ottogi",,
10,,256.8,Китай
,110 гр,,
11,"Лапша Рисовая ""AROY-D"" 5мм 0,454кг",1722.7,Таиланд
12,"Лапша Фунчоза ""ЮНН"" Тапинамбур 0,4кг",866.7,Китай
13,"Лапша рисовая ""MIDORI"" 0,38кг",1605,Китай
14,Листья бамбука 150 гр,2461,Китай
15,"Макароны ""САЛЕМ"" вермишель 5кг",2577.63,Казахстан
16,"Макароны ""САЛЕМ"" витки 5кг",2577.63,Казахстан
17,"Макароны ""САЛЕМ"" паутинка 5кг",2577.63,Казахстан
18,"Макароны ""САЛЕМ"" перья 5кг",2577.63,Казахстан
19,"Макароны ""САЛЕМ"" ракушки 5кг",2577.63,Казахстан
20,"Макароны ""САЛЕМ"" рожки гладкие 5кг",2577.63,Казахстан
21,"Макароны ""САЛЕМ"" рожки рифленые 5кг",2577.63,Казахстан
22,"Макароны ""САЛЕМ"" спираль 5кг",2577.63,Казахстан
23,"Макароны ""ЦЕСНА"" в ассортименте 1.6кг",2247,Казахстан
24,"Молоко кокосовое ""AROY-D"" 0,5л",1722.7,Корея
25,"Морская капуста сушенная 0,11кг",642,Китай
26,"Огурцы маринованные ""Айдынов"" 2л",1080.7,Казахстан
27,"Помидоры черри ""VIT VIT"" 0.67л",963,
28,"Рисовая бумага ""AROY-D"" D22 0.454кг",3177.9,Таиланд
29,Сахар 25кг,12925.6,Казахстан
30,Сахар 50кг,26461.1,Казахстан
31,Сахар в стик-пакетах 5гр.,8.56,Россия
32,"Сахар рафинад ""CRYSTAL"" 0,9кг",898.8,Казахстан
33,"Сахар тростниковый ""FOODREM"" 1кг",2300.5,Корея
34,Сахар фасовка 5кг,2707.1,Казахстан
35,"Соевый соус ""KIKKOMAN"" 19л (оригинал)",37407.2,Китай
36,Соль Гималайская 1кг (крупная),1112.8,Пакистан
37,Соль Гималайская 1кг (мелкая),984.4,Пакистан
38,"Спаржа ""ЮНН"" 0,23кг сушеная",513.6,Китай
39,"Тарталетки ""ХОМА"" 0,2 кг",738.3,Казахстан
40,Тесто для спринг роллов 40листов,2354,Китай
41,"Фасоль белая ""BONDUELLE"" 0.425кг",963,Россия
42,"Фасоль белая в т\с ""Bonduelle"" 0,425кг",813.2,
43,"Фунчоза ""АЛМАТЫ"" 0,25кг",428,Казахстан
44,"Фунчоза ""ДРАКОН"" 0,24кг",460.1,Китай
45,"Фунчоза ""ЮНН"" 0,24кг",716.9,Китай
,КОЛБАСНЫЕ ИЗДЕЛИЯ И Х/К,,
,"Ветчина говяжья полукопченая ""АЛИАН""",,
1,,2289,Казахстан
,(вес),,
,"Ветчина говяжья полукопченая ""АРЫС""",,
2,,2507,Казахстан
,(вес),,
3,Говядина х/к (вес),6518.2,Беларусь
,"Закуска ""Деревенская"" варено-копченая",,
4,,3815,Казахстан
,(вес),,
5,"Колбаса НАРЛЕН ""Прима"" 0,5кг",1199,Казахстан
6,"Колбаса пеперони ""МЯСОДЕЛ"" шт",1395.2,Казахстан
,"Колбаса пепперони нарезка ""HORECA""",,
7,,2834,Россия
,"0,5кг",,
8,"Колбаса пепперони нарезка ""HORECA"" 1кг",6202.1,Россия
,"Колбаса полукопченая ""МАКСИМОВКА""",,
9,,2703.2,Казахстан
,(вес),,
10,"Колбаса полукопченая ""МАРИЯМ"" (вес)",2419.8,Казахстан
,Колбаса полукопченая Столичная,,
11,,1471.5,Казахстан
,"""НАТУРАЛКА"" (вес)",,
12,"Колбаса сервелат ""АКБАР"" (вес)",1515.1,Казахстан
13,"Колбаски Кнут ""СТОЛИЧНЫЕ"" (вес)",1798.5,Казахстан
14,"Колбаски охотничьи ""АЛИАН"" (вес)",1471.5,Казахстан
15,Колбаски охотничьи НАРЛЕН (вес),4588.9,Казахстан
16,"Конина варено-копченое ""ЖАЯ"" (вес)",5640.75,Казахстан
17,"Рулет куринный ""МЯСОДЕЛ"" (вес)",3215.5,Казахстан
18,"Салями ""NARLEN"" варено-копченая (вес)",1482.4,Казахстан
19,"Салями Нарлен 0,85кг",4054.8,Казахстан
20,"Сардельки ""Арыс"" (вес)",1417,Казахстан
21,Сервелат Ет (700 гр),1079.1,Казахстан
22,"Сосиски ""МОЛОДЕЖНЫЕ"" с/м",468.7,Россия
23,"Сосиски ""НАРЛЕН"" говяжьи 460гр",1417,Казахстан
24,"Сосиски ""НАРЛЕН"" куринные 460гр",1253.5,Казахстан
25,"Сосиски ""НАРЛЕН"" молочные 460гр",1351.6,Казахстан
26,"Сосиски ""СИЛА"" с/м",2975.7,Россия
27,"Сосиски Кнут говяжий ""АЛИАН"" (вес)",1809.4,Казахстан
28,Сосиски Ясмин ( Арыс) говяжьи,1580.5,Казахстан
29,Филе Индейка х/к вакуум,6921.5,Россия
30,"Филе Утки х/к ""ROKOS"" (вес)",4828.7,Россия
31,Филе курин. х/к Максимовка Арыс,3171.9,Казахстан
,КОНДИТЕРСКИЕ,,
1,"Арахисовая паста ""Bowl Basket"" 0.462кг",2707.1,США
2,"Варенье ""ЖУЛДЫЗ"" клубника 4л",5885,Казахстан
3,"Варенье ""ЖУЛДЫЗ"" малина в 4л",5992,Казахстан
4,"Варенье ""КАРЛСОН"" в ассортименте 6,8л.",6955,Россия
5,"Варенье ""КАРЛСОН"" смородина 4кг",3959,Россия
6,"Варенье"" КАРЛСОН"" абрикос 4 Л",4280,Россия
7,"Варенье""КАРЛСОН"" клубника 4 Л",4611.7,Россия
8,"Варенье""КАРЛСОН"" лимон имбирь 4 Л",3959,Россия
9,"Варенье""КАРЛСОН"" малина 4 Л",4622.4,Россия
10,"Готовый завтак ""Хрутка"" хлопья 0,7 кг",2675,Россия
11,"Джем ""МАХЕЕВ"" персик манго 0,3 КГ",749,Россия
,"Джем ""МАХЕЕВ"" тропические фрукты 0,3",,
12,,834.6,Россия
,КГ,,
13,"Джем ""ANDROS"" в ассортименте 1кг",4066,Россия
14,"Джем ""МАХЕЕВ"" апельсин 0,3,кг",813.2,Россия
15,"Джем ""МАХЕЕВ"" клубника 0,3 кг",834.6,Россия
16,"Джем ""МАХЕЕВ"" лесная ягода 0,3 КГ",834.6,Россия
17,"Джем ""МАХЕЕВ"" лимон 0,3 КГ",749,Россия
18,"Джем ""МАХЕЕВ"" малина 0,3 КГ",845.3,Россия
19,"Какао ""АСЫЛ HORECA"" 1кг",2794.84,Казахстан
20,"Какао напиток ""NESQUIK"" 1 кг",6634,Россия
21,"Клубника в сиропе ""ДИВА"" 580гр. стекло",1177,Китай
22,Конфитюр Алоэ 1кг,3819.9,Корея
23,"Краситель ""ТOP DECOR"" (белый) 0,1кг",1476.6,Россия
24,"Краситель ""ТOP DECOR"" (голубой) 0,1кг",1177,Россия
25,"Краситель ""ТOP DECOR"" (желтый) 0,1кг",1284,Россия
26,"Краситель ""ТOP DECOR"" (зеленый) 0,1кг",1177,Россия
27,"Краситель ""ТOP DECOR"" (коричневый) 0,1кг",1358.9,Россия
28,"Краситель ""ТOP DECOR"" (красный) 0,1кг",1337.5,Россия
29,"Краситель ""ТOP DECOR"" (оранжевый) 0,1кг",1123.5,Россия
30,"Краситель ""ТOP DECOR"" (розовый) 0,1кг",1177,Россия
31,"Краситель ""ТOP DECOR"" (синий) 0,1кг",1177,Россия
32,"Краситель ""ТOP DECOR"" (черный) 0,1кг",2300.5,Россия
33,Манго в сиропе 425мл,1070,Россия
34,Мед искусственый 1кг,695.5,Казахстан
35,Мед искусственый 5л,3959,Казахстан
36,"Печенье ""ОREO"" 4кг",10539.5,Россия
37,Печенье Савоярди,1872.5,Италия
38,"Сгущеное молоко ""3 ЖЕЛАНИЯ"" 0,38кг",642,Россия
39,"Сгущеное молоко ""ДЕП"" 0,6 кг ж/б",1947.4,Россия
40,"Сгущеное молоко ""ДЕП"" 0,7л",1979.5,Россия
41,"Сгущеное молоко ""ЛЮБАВИНКА"" 1,43кг",1712,Россия
42,"Сгущеное молоко вареное ""ДЕП"" 0,6кг",2011.6,Россия
43,"Шоколад ""RESTORA"" 1кг",7436.5,Италия
44,"Шоколад ""КАЗАХСТАН"" 0,1кг",963,Казахстан
45,"Шоколадная паста ""NUTELLA"" 630гр",4494,Россия
46,"Шоколадная паста ""NUTELLA"" 3кг",22577,Россия
47,КОНСЕРВАЦИЯ,0,
48,"Аджика ""ДинДин/Дракон"" 0,285л",507.6,Казахстан
49,"Аджика ""ЦИН КАЗ"" 0,37л",918,Казахстан
,"Ананас консервированный ""AGROSSO""",,
50,,1306.8,Россия
,"0,85л",,
51,"Анчоусы ""DELICIOUS"" 0,078кг (стекло)",3780,Италия
52,"Анчоусы ""DELICIOUS"" 0,7кг",13910.4,Италия
53,"Анчоусы ""ROLAND"" 0,056кг (красный)",2322,Морокко
54,"Анчоусы в масле ""RE FILETTO"" 0.075 кг",2862,Италия
55,"Артишок "" ITALCARCIORI"" 0,314кг",1738.8,Италия
56,"Артишок ""ITALCARCIORI"" 0,58кг",3353.4,Италия
57,"Горошек зеленый ""BONDUELLE"" 0,425кг",864,Россия
58,"Горошек зеленый ""MIKADO"" 0,425кг",702,Россия
59,Горошек зеленый дешевый ж/б 400гр.,334.8,Россия
60,Грибы Грузди маринованные 580гр,1058.4,Россия
,"Грибы ШИИТАКЕ маринованные ""DIVA""",,
61,,1026,Россия
,"0,58л",,
62,Грибы ШИИТАКЕ сушеные 1кг,8078.4,Китай
63,"Каперсы ""ITALCARCIOFI"" 0,212л",1382.4,Италия
64,"Каперсы ""ITALCARCIOFI"" 0,72л",3348,Италия
65,"Каперсы с веточкой ""DEMETRA"" 1,7л",21060,Италия
66,"Каперсы с веточкой ""ITALCARCIOFI"" 0,72л",3888,Италия
67,"Корнишоны ""VIT VIT"" 0,72л",869.4,Узбекистан
68,"Корнишоны ""АSANYCH"" 0,72л",918,Россия
,"Корнишоны индийские пикули ""ЭКОС""",,
69,,1026,Россия
,"0,67л",,
,"Кукуруза консервированная ""BONDUELLE""",,
70,,853.2,Россия
,"0,425л",,
,"Кукуруза консервированная 0,425кг ж\б",,
71,,345.6,Россия
,(деш),,
,Кукуруза консервированная сахарная,,
72,,702,Россия
,"""MIKADO"" 0,425кг",,
73,Кукурузные початки маринованные 0.37л,934.2,Россия
74,"Маслины ""KING"" целые черные 0,28кг",561.6,Турция
75,"Маслины ""OLIVETTA"" без косточки 3л",5594.4,Россия
76,"Маслины Каламата ""DEMETRA"" 1,7л",18900,Италия
,"Маслины гигант ""ITALCARCIOFI"" с",,
77,,2732.4,Италия
,"косточкой 0,58кг (стекло)",,
78,"Маслины резаные ""GREEN KING"" 3л",7128,Россия
79,"Огурцы маринованные ""АЗАМАТ"" 2л",1490.4,Казахстан
80,"Огурцы маринованные ""КЕРЕМЕТ"" 2л",939.6,Казахстан
81,"Оливки ""KING"" без косточки зеленые 0,28кг",702,Турция
,"Оливки гигант ""TALCARCIOFI"" с косточкой",,
82,,2732.4,Италия
,"0,58кг (стекло)",,
83,"Оливки зеленные""Sun Feel"" 3кг",5410.8,
84,"Опята маринованные ""ДИВА\ЭКОС"" 0,58л",1080,Россия
85,"Паста Том Ям ""AROY-D"" 0.4кг",2160,Таиланд
86,"Паста Том Ям ""AROY-D"" 1кг",4968,Таиланд
87,"Патиссоны маринованные ""ЭКОС"" 0,67л",1026,Россия
,Перец стручковый маринованный,,
88,,1188,Турция
,"""YAKAMOZ"" 0,37кг",,
,Перец стручковый маринованный,,
89,,2181.6,Турция
,"""YAKAMOZ"" 0,72кг",,
90,"Персик консервированный ""AGROSSO"" 0,86",1134,Россия
91,"Помидоры вяленые ""ITALCARCIOFI"" 0,58л",2732.4,Италия
92,"Помидоры вяленые ""ITALCARCIOFI"" 0,72л",3423.6,Италия
93,"Помидоры вяленые ""ITALCARCIOFI"" 1,062л",4104,Италия
94,"Помидоры вяленые ""ITALCARCIOFI"" 3,1л",11340,Италия
95,"Помидоры вяленые ""ITALCARСIOFI"" 0,314л",1868.4,Италия
,"Тунец ""Аквамарин"" в собстввенном соку\в",,
96,,9315,Россия
,"масле 1,7кг",,
97,"Тунец ""Аквамарин/Пеликан"" 0,185кг",1490.4,Россия
98,"Тунец ""ПЕЛИКАН"" в масле 1,7кг",8942.4,Турция
99,"Тунец филе ""TUNA"" в масле 0.14кг",1285.2,Казахстан
100,"Фасоль белая 0,425кг (деш)",388.8,Россия
101,"Фасоль белая в т\с ""МIKADO"" 0,425кг",583.2,Россия
102,"Фасоль красная ""BONDUELLE"" 0,425кг",939.6,Россия
103,"Фасоль красная 0,42кг ж\б (деш)",432,Россия
104,"Фасоль красная в с\с ""МIKADO"" 0,425кг",540,Россия
105,"Фасоль красная в т\с ""MIKADO"" 0,425кг",583.2,Россия
106,"Халапеньо ""YAKAMOZ"" 0,37кг",1188,Турция
107,"Халапеньо ""YAKAMOZ"" 0,72кг",1998,Турция
108,"Халапеньо ""YAKAMOZ"" 5кг",9720,Турция
109,"Халапеньо ""YAKAMOZ"" перчик 5кг",9720,Турция
110,"Халапеньо ""АЛМАТЫ"" перчик 5кг",3456,Казахстан
111,"Халапеньо ""АЛМАТЫ"" резаные 5 кг",3456,Казахстан
112,"Хрен ""МАХЕЕВ"" 0,14кг (мягкая упаковка)",486,Россия
113,"Хрен ""МАХЕЕВ"" 0,19кг (стекло)",691.2,Россия
114,"Черри консервированные ""ACANYH"" 0,72л",1015.2,Узбекистан
,"Черри консервированные ""АВРОРА/ЭКОС""",,
115,,756,Россия
,"0,72л",,
116,"Шампиньоны резанные ""GOODDAY "" 3 л",1987.2,Китай
,Шампиньоны консервированные,,
117,,4428,Китай
,"резанные ""GREEN CLUB"" 3л",,
,Шампиньоны консервированные,,
118,,1771.2,
,"резанные ""KING"" 3л ж\б",,
,Шампиньоны консервированные,,
119,,1962.36,Турция
,"резанные ""VEGDA"" 3л ж\б",,
,Шампиньоны консервированные,,
120,,4352.4,Россия
,"резанные ""ЭКО LAND"" 3л",,
,Шампиньоны консервированные,,
121,,1836,Россия
,"резаные""AGROSSO"" 3л",,
,Шампиньоны консервированные целые,,
122,,3888,
,"""AGROSSO"" 3л ж\б",,
,Шампиньоны консервированные целые,,
123,,4471.2,Россия
,"""ЭКО LAND"" 3л",,
,"Шампиньоны маринованные ""DIVA""",,
124,,1090.8,Россия
,"0,53/0,58г",,
125,КРУПЫ,0,
126,"Булгур ""ВИП"" 0,8кг",939.6,Турция
127,Булгур 25кг,27324,Турция
128,Булгур фасованный по 5кг,5594.4,Казахстан
129,"Геркулес ""АЛТАЙСКАЯ СКАЗКА"" 0,4кг",302.4,Казахстан
130,"Геркулес ""ВИП"" 0,4кг",237.6,Россия
131,"Геркулес ""ВИП"" 4 злака 0,4кг",324,Россия
132,"Геркулес ""ВИП"" 3 злака 0,4кг",324,Россия
133,"Геркулес ""УВЕЛКА"" 0,4кг",615.6,Россия
134,"Геркулес ""УВЕЛКА"" 6 злаков 0,35кг",723.6,Россия
135,Геркулес овсяные хлопья (вес),5616,Казахстан
136,Геркулес фасовка 3кг,745.2,Россия
137,"Горох ""АЛТАЙСКАЯ СКАЗКА"" 0,8кг",496.8,Казахстан
138,"Горох ""ВИП"" колотый 0,8кг",496.8,Россия
139,Горох 25кг,7765.2,Россия
140,Горох фасовка 5кг,1553.04,Россия
141,Гречневая зеленая крупа (вес),13986,Россия
,"Гречневая крупа ""АЛТАЙСКАЯ СКАЗКА""",,
142,,345.6,Казахстан
,"0,8кг",,
143,"Гречневая крупа ""ВИП"" 0,8кг",507.6,Россия
144,Гречневая крупа (вес),347.76,Россия
145,Гречневая крупа фасовка 5кг,1782,Россия
146,Киноа белая 1кг,2376,Казахстан
147,Киноа белая 2 кг,8316,
148,Киноа красная 1 кг,6210,Казахстан
149,Киноа черная (вес),6210,Казахстан
150,Киноа черная 1 кг,6210,Казахстан
151,"Крупа ""ЦАРЬ"" экстра 0,4кг",658.8,Россия
152,Крупа Булгур 1кг (вес),864,Турция
153,"Крупа ЦАРЬ ""5 злаков"" 0,4кг",453.6,Россия
154,"Крупа ЦАРЬ ""7 злаков"" 0,4кг",486,Россия
155,Крупа перловая (вес),4347,Россия
156,"Кукурузная крупа ""ВИП"" 0,7кг",410.4,Россия
157,Кукурузная крупа (вес),16146,Россия
158,Кукурузная крупа фасовка 5кг,2160,
159,"Кускус ""Granoro"" 1кг",2613.6,Турция
160,"Кускус ""УВЕЛКА"" 0,4кг",1620,Россия
161,"Манная крупа ""АЛТАЙСКАЯ СКАЗКА"" 0,7кг",345.6,Казахстан
162,"Манная крупа ""ВИП"" 0,7кг",388.8,Россия
163,Манная крупа (вес),334.8,Россия
164,Манная крупа фасовка 5кг,1684.8,Казахстан
165,Маш (вес),1209.6,Узбекистан
166,Маш фасовка 5кг,5346,Узбекистан
167,Нут 1кг,1782,Узбекистан
168,Нут фасованный 5кг,1792.8,Узбекистан
169,"Овсяные хлопья УВЕЛКА 0,35кг",756,Россия
170,Отруби вес.,162,Казахстан
171,Отруби фасовка 2кг,324,Казахстан
172,"Перловая крупа ""ВИП"" 0,8кг",356.4,Россия
173,Перловая крупа фасовка 5кг,1026,Россия
174,"Птитим ""УВЕЛКА"" 0,45кг",1555.2,Россия
175,"Пшеничная крупа ""ВИП"" 0,6кг",280.8,Россия
176,Пшеничная крупа (вес),226.8,Россия
177,Пшеничная крупа фасовка 5кг,1425.6,Россия
178,"Пшено ""АЛТАЙСКАЯ СКАЗКА"" 0,8кг",486,Казахстан
179,"Пшено ""ВИП"" 0,8кг",410.4,Россия
180,Пшено вес.,1425.6,Россия
181,Пшено фасовка 5кг,1404,Россия
182,РИС БАСМАТИ 25КГ,30650.4,Индия
183,"Рис ""БАНЗАЙ"" 25 кг",21729.6,Корея
184,"Рис ""БАНЗАЙ"" фасовка 5кг",4158,Корея
185,"Рис ""БАСМАТИ"" 5кг",7106.4,Турция
186,"Рис ""БЕРЕКЕ"" 5 кг",2624.4,Казахстан
187,"Рис ""КАМОЛИНО"" 25кг.",10800,Казахстан
188,"Рис ""ЛАЗЕР"" 25кг",34155,Узбекистан
189,"Рис ""ЛАЗЕР"" 30кг",32918.4,Узбекистан
190,"Рис ""ЛАЗЕР"" фасовка 5кг",6696,Узбекистан
191,"Рис ""ЛИДЕР"" 25кг",9450,Казахстан
192,"Рис ""ШИНАКИ"" 25кг.",23220,Корея
193,"Рис ""ШИНАКИ"" фасовка 5кг",4644,
194,"Рис ""ЯПОША"" 25кг",14904,Россия
195,Рис Арборио 1кг,4806,Италия
196,Рис Баракат/Айдана/Мерей 5кг.,2613.6,Казахстан
197,Рис Камолино фасованный 5кг,2548.8,Казахстан
198,Рис басмати фасовка 5 кг,6210,Индия
199,"Рис басмати ""УВЕЛКА"" 0,5кг",1728,Россия
200,"Рис бурый ""УВЕЛКА"" 0,5кг",777.6,Россия
201,"Рис дикий ""GALLO"" 0.5кг",3585.6,Италия
202,"Рис дикий ""УВЕЛКА"" 0,35кг",5076,Россия
203,"Рис жасмин ""УВЕЛКА"" 0,5кг",1600.56,Россия
204,Фасоль белая (вес),1676.16,Россия
205,Фасоль белая фасовка 5кг,8100,Россия
206,"Фасоль красная ""ВИП"" 0,7кг",1339.2,Россия
207,Фасоль красная (вес),1242,Россия
208,Фасоль красная 25кг,29700,Россия
209,Фасоль красная фасовка 5кг,6836.4,Россия
210,"Чечевица ""ВИП"" 0,7кг",685.8,Россия
211,Чечевица 25кг,13554,Россия
212,Чечевица фасовка 5кг,2710.8,Россия
213,"Ячневая крупа ""АЛТАЙСКАЯ СКАЗКА"" 0,8кг",307.8,Казахстан
214,"Ячневая крупа ""ВИП"" 0,6кг",280.8,Россия
215,Ячневая крупа (вес),178.2,Россия
216,Ячневая крупа фасовка 5кг,1188,Россия
,МАСЛА И ЖИРЫ,,
1,"Жир фритюрный ""Вегафрай"" 5л",5668,Россия
,"Жир фритюрный ""Вегафрай"" 7,5лит (6,9-",,
2,,7848,Россия
,7кг),,
,"Маргарин ""203"" для слоеного теста 80% 10",,
3,,12535,Казахстан
,кг,,
,"Маргарин ""271"" для слоеного теста 70%",,
4,,10943.6,Казахстан
,10кг,,
5,"Маргарин ""ГУДПРОДУКТ"" 1кг",1090,Россия
,"Маргарин ""МАРГО"" для песочного теста",,
6,,31740.8,Россия
,20кг,,
7,"Маргарин ""ЩЕДРОЕ ЛЕТО"" 72% 0,5кг",1994.7,Казахстан
8,"Маргарин ""ЩЕДРОЕ ЛЕТО"" 72% 1кг",2114.6,Казахстан
,"Маргарин ""ЭКОСЛАЙС"" для слоеного теста",,
9,,13843,Россия
,82% 10кг,,
10,"Маргарин ""ЭКОУНИВЕРСАЛ"" 20кг",25833,Россия
11,"Маргарин 3 ЖЕЛАНИЯ ""Пампушка"" 0,18кг",218,Россия
,Маргарин для слоен.теста 570%5*2 эколин,,
12,,17178.4,Россия
,вес 10кг ( Марго),,
,"Масло ""КРЕСТЬЯНСКОЕ"" сливочно-растит.",,
13,,1754.9,Казахстан
,"спред 72,5% 1кг",,
,"Масло кунжутное ""ЖУ СИН/ЮНН"" 0,48л",,
14,,1853,Китай
,(стекло),,
15,"Масло оливковое ""BLACK"" 5л ж/б",9483,Италия
16,"Масло оливковое ""CONOLIO"" 5л",15805,Италия
17,"Масло оливковое ""CONOLIO""1л",3488,Италия
18,"Масло оливковое ""ITALI OLIV"" 5л ж/б",9483,Италия
19,"Масло оливковое ""OLIV OIL"" 5л (пластик)",10028,Испания
20,"Масло оливковое ""OLIV OIL"" 0,25л",904.7,Испания
21,"Масло оливковое ""OLIV OIL"" 5л ж/б",9483,Испания
22,"Масло оливковое ""OLIVETTA"" 5л (пластик)",16295.5,Испания
23,"Масло оливковое ""ROMA"" 1л (стекло)",3509.8,Испания
24,"Масло оливковое ""VKUSNEL"" 0,5л",1635,Испания
25,"Масло оливковое ""VKUSNEL"" 5л",8611,Испания
26,Масло оливковое Oliv Oil 1 литр,2616,Испания
27,"Масло оливковое ж\б ""LA MASSERIA"" 5л",37605,Италия
28,"Масло оливковое экстра ""LA MASSERIA"" 1л",7771.7,Италия
29,"Масло оливковое экстра ""OLIV OIL"" 5л ж/б",9483,Испания
,"Масло подсолнечное ""ЖЕЛТЫЙ ДОМИК""",,
30,,4578,Россия
,"5л (4,5кг)",,
,"Масло подсолнечное ""МАСЛОЗАВОД №1""",,
31,,5646.2,Казахстан
,5л,,
,Масло подсолнечное в ассортименте 5л,,
32,,4392.7,Россия
,(деш),,
,"Масло сливочное ""PRESIDRENT"" не",,
33,,9592,Казахстан
,соленое 1кг,,
,"Масло сливочное ""АЯЛА ПЛЮС"" особое",,
34,,2038.3,Казахстан
,"0,833кг",,
35,"Масло сливочное ""БУЛАЕВО"" 72,5% (вес)",4261.9,Казахстан
36,"Масло сливочное ""ГОРМОЛЗАВОД"" (вес)",5777,Казахстан
37,"Масло сливочное ""ЖАЙЛАУ"" 72,5% 0,18кг",348.8,Казахстан
38,"Масло сливочное ""ЗАКРОМА"" 82,5% 0,18кг",872,Казахстан
39,"Масло сливочное ""К ЧАЮ"" 0,23кг",381.5,Россия
,"Масло сливочное ""КРЕСТЬЯНСКОЕ"" 72,5%",,
40,,381.5,Казахстан
,"0,2кг",,
,"Масло сливочное ""СЛИВОЧНЫЕ БЕРЕГА""",,
41,,316.1,Казахстан
,"60% 0,18кг",,
,"Масло сливочное ""СЛИВОЧНЫЕ БЕРЕГА""",,
42,,654,Казахстан
,"60% 0,45кг",,
,"Масло сливочное ""СПРЕД",,
43,,1188.1,Казахстан
,"СЛАДКОСЛИВОЧНЫЙ"" 72,5% 0,4кг",,
,"Масло сливочное ""СПРЕД",,
44,,1308,Казахстан
,"СЛАДКОСЛИВОЧНЫЙ"" 82,5% 0,4кг",,
,"Масло сливочное"" СПРЕД СЛИВОЧНО",,
45,,1106.35,Казахстан
,"СОЛЕНОЕ""72,5% 0,4КГ",,
46,"Масло фритюрное ""MASTER"" 10лит",8556.5,Россия
47,"Масло фритюрное ""RESOK"" 10лит (9-9,5кг)",11990,Россия
48,"Масло фритюрное ""RESOK"" 7,5 лит (6,9 кг)",10028,Россия
,"Масло фритюрное ""ГУДФУД\МАЭСТРО""",,
49,,8512,Россия
,"10л (8,5-9кг)",,
50,"Маслофритюрное ""ГУДПРОДУКТ"" 10л",10046.4,Россия
51,"Оливковое масло ""EXTRA"" ж\б 5л",8176,Россия
52,"Оливковое масло ""PREMIUM OLIVE"" 5 л ж/б",9049.6,Италия
53,"Оливковое масло ""РОМА"" 5л",16486.4,Италия
54,"Топленое масло ""AnaBala"" 0,9кг",3225.6,Азейрбайджан
,МОЛОЧНЫЕ ПРОДУКТЫ,,
1,"Йогурт греческий ""FOODMASTER"" 0,3кг",738.3,Казахстан
,"Масло сливочное ""КРЕСТЬЯНСКОЕ"" 72,5%",,
2,,13203.8,Казахстан
,5кг,,
3,"Молоко ""AROY-D"" кокосовое 1л",3327.7,Таиланд
4,"Молоко ""AROY-D"" кокосовое ж/б 0,4л",1444.5,Таиланд
5,"Молоко ""GREEN MILK"" банановое 1л",1498,Россия
6,"Молоко ""GREEN MILK"" кокосовое 1 л",1498,Россия
7,"Молоко ""GREEN MILK"" миндальное 1л",1498,Россия
8,"Молоко ""GREEN MILK"" овсяное 1л",1294.7,Россия
9,"Молоко ""GREEN MILK"" соевое 1л",1294.7,Россия
10,"Молоко ""KALLEH"" 3% 1л",781.1,Иран
11,"Молоко ""LACTEL"" 2.5% 1л",695.5,Казахстан
12,"Молоко ""LACTEL"" 3,2% 1л",845.3,Казахстан
13,"Молоко ""MIDORI"" кокосовое ж/б 18% 0,4кг",1166.3,Россия
14,"Молоко ""АЯ"" 2,5% 0,9л",460.1,Казахстан
15,"Молоко ""АЯ"" 3,2% 0,9л",524.3,Казахстан
16,"Молоко ""АЯ"" 6% 0,9л",577.8,Казахстан
17,"Молоко ""Милко Во"" 2,5% 0.9л",438.7,Казахстан
18,"Молоко ""Милко Во"" 3,2% 0.9л",444.05,Казахстан
19,"Молоко ""НОВЫЙ ДЕНЬ"" 2,5% 1л",695.5,Казахстан
20,"Молоко ""НОВЫЙ ДЕНЬ"" 3,2% 1л",749,Казахстан
21,"Молоко ""НОВЫЙ ДЕНЬ"" 6% 1л",866.7,Казахстан
22,"Молоко ""ПЕТРОПАВЛОВСКОЕ"" 2,5% 0,9л",513.6,Казахстан
23,"Молоко ""ПЕТРОПАВЛОВСКОЕ"" 3,2% 0,9л",556.4,Казахстан
24,"Молоко ""ПЕТРОПАВЛОВСКОЕ"" 6% 0,9л",652.7,Казахстан
25,"Молоко ""ПРОСТО"" 2.5%",609.9,Казахстан
26,"Молоко ""ПРОСТО"" 3,2%",620.6,Казахстан
27,"Молоко ""ПРОСТО"" 6%",668.75,Казахстан
28,"Молоко ""ШАДРИНСКОЕ"" т/п 0,5л",984.4,Казахстан
29,"Молоко ""ШАДРИНСКОЕ"" т/п 1л",1808.3,Казахстан
30,"Молоко сухое ""ЛЕДИ"" 0,5кг",1540.8,Корея
31,"Молоко сухое ""ФРИМА"" 0,5кг",1658.5,Корея
32,"Сливки ""CREAMART"" 20% 1л",1765.5,Россия
33,"Сливки ""HALTA"" 29,2% 1л",2889,Латвия
34,"Сливки ""KALLEH"" 33% 1л",3017.4,Иран
35,"Сливки ""MASTER GOURMET"" 24% 1л",3391.9,Италия
36,"Сливки ""PURATOS"" Виппак 1л 27%",1915.3,Россия
37,"Сливки ""PURATOS"" Шантипак 27% 1л",1968.8,Россия
38,"Сливки ""Б.М.К."" 33% 1л",3317,Россия
39,"Сливки ""МОЛОЧНЫЙ ГОСТИНЕЦ"" 33% 1л",3327.7,Беларусь
40,"Сливки ""ПЕТРОПАВЛОВСКИЕ"" 20% 0,5л",1348.2,Казахстан
41,"Сливки ""ЧУДСКОЕ ОЗЕРО"" 33% 1л",3629.44,Россия
42,"Сливки взбитые ""HALTA"" 0.25",1658.5,Италия
43,"Сливки взбитые ""HULALA"" 0.25кг",1358.9,Италия
44,"Сливки взбитые ""MEGGLE"" 0,25кг",1583.6,Россия
45,"Сливки взбитые ""ФИТНЕС"" 0,25кг",2097.2,Россия
46,"Сливки кокосовые ""AROY-D"" ж/б 0,56л",3167.2,Таиланд
,"Сливки порционные ""АЛЬПЕНГУРТ""10%",,
47,,642,Россия
,10шт х 10гр,,
48,"Сметана ""PRESIDENT"" 20% 0,4кг",930.9,Казахстан
49,"Сметана ""СМЕТАНКИНО"" 1л",1262.6,Казахстан
50,"Сметана ""СМЕТАНКИНО"" 5кг",4066,Казахстан
51,Сметана 5л (в ассортименте),4333.5,Казахстан
52,"Творог ""PRESIDENT"" 9% 0,9кг",2364.7,Казахстан
53,"Творог ""ЧЕРНЫЙ ПРИНЦ"" 9% 5кг",7072.7,Казахстан
,МОРЕПРОДУКТЫ,,
1,Дорадо 400/600гр (вес),7885.9,Турция
2,"Икра лососевая ""ГОСТ"" 0,14 кг ж\б",1455.2,Россия
,"Икра лососевая зернистая ""ГОСТ"" 0,22 кг",,
3,,1722.7,Россия
,стекло,,
4,Кальмар тушка 1кг,2889,Россия
5,"Кольца кальмара ""AMIKO SEA FOOD"" 1кг",3028.1,Россия
6,"Кольца кальмара ""POLAR"" в панировке 1кг",4119.5,Россия
7,"Крабовое мясо""VICI"" белое 0,5кг",2214.9,Россия
8,"Крабовые палочки ""АТЛАНТИДА"" 0,19кг",342.4,Россия
9,"Крабовые палочки ""ДУША ОКЕАНА"" 0,5кг",1540.8,Россия
,"Крабовые палочки ""Сочный краб"" САНТА",,
10,,1819,Россия
,БРЕМОР 0.5кг,,
11,Крабовые палочки (вес),1391,Россия
,"Крабовые палочки VICI ""Снежнай краб""",,
12,,1990.2,Россия
,0.5кг,,
13,"Креветки ""AMIKO"" 1,8кг 21\25 (ледблок)",12626,
14,"Креветки ""AMIKO"" 16\20 очищенные 1кг",4429.8,Индия
15,"Креветки ""ELITFISH"" 1,8кг 21\25 (ледблок)",10464.6,
16,"Креветки ""FISH BASKET"" очищенные 1кг",4429.8,
17,"Креветки ""RISMA"" 26\30 без головы 1.8кг",11663,Эквадор
18,"Креветки ""RISMA"" очищенные 31/40 1кг",8025,Россия
,"Креветки ""ZAMAN HORECA"" 31\35 1,8кг",,
19,,11235,
,(лед блок),,
20,Креветки ( бланш) 100/200,3531,
,Креветки бланшированные премиум16/20,,
21,,7383,Китай
,1кг,,
,Креветки бланшированные эконом 16\20,,
22,,4429.8,Китай
,1кг,,
23,"Креветки королевские""VICI"" 50/70 (вес)",3745,Россия
24,"Креветки пивные ""POLAR"" 120+ 5кг",6034.8,Россия
25,"Креветки тигровые ""ЭКОНОМ"" 16/20 1кг",3638,Россия
26,Мидии в полустворке 1кг,2782,Россия
27,Мидии целые вакум 1кг,4686.6,Россия
28,Морской коктейль 1кг,2247,Россия
29,Морской язык с/м (вес),1819,Россия
30,Осьминоги Бэби (крупные)1кг,4708,Россия
31,"Сельдь филе в масле ""ROKOS"" 0,5кг",1926,Россия
32,"Сельдь филе под шубу ""ROKOS"" 0,5кг",1851.1,Россия
33,Семга 10-12 кг (вес),9072,Норвегия
34,Семга 12-14кг (вес),10011.6,Норвегия
35,Семга 14+ (вес),9504,Норвегия
36,Семга 5-6кг (вес),6480,Норвегия
37,Семга 6-7кг (вес),6696,Норвегия
38,Семга 7-8кг (вес),7020,Норвегия
39,Семга 8-9 кг (вес),7700.4,Норвегия
40,Семга 9+кг (вес),7344,Норвегия
41,Семга с/с пласт (вес),9936,Норвегия
42,Семга свежая пласт кг (вес),10000.8,Норвегия
43,Семга х\к (вес),9936,Норвегия
44,Сибас 300/400гр,8208,Турция
45,Судак филе средний (вес),2862,Казахстан
46,Тилапия филе 1кг,2592,Китай
47,Тунец филе с/м (вес),12420,Россия
48,Форель радужная 300/400гр,5594.4,Турция
,МУКА И МУЧНЫЕ ИЗДЕЛИЯ,,
1,Кляр мука Корея,2354,Корея
2,Лаваш 50шт,2771.3,Казахстан
3,"Лапша KEKESHI ""Egg noodle"" 0.3кг",428,Китай
4,"Лапша KEKESHI ""Udon"" 0,3кг",535,Китай
5,"Лапша RISMA ""Soba"" 0,3кг",556.4,Китай
6,"Лапша КЭММИ ""Бесбармачная"" 0,25 кг",331.7,Казахстан
7,"Лапша КЭММИ ""Бесбармачная"" 0,45кг",770.4,Казахстан
8,"Лапша КЭММИ ""Жайма"" 0,2 кг",374.5,Казахстан
9,"Лапша КЭММИ ""Лапаша суповая"" 0,2кг",460.1,Казахстан
10,"Лапша кукси ""LION"" 0,7кг",1048.6,Китай
11,"Макароны "" ДАМИР"" короткие 5 кг",2589.4,
12,"Макароны ""ДАМИР"" вермишель 5кг",2589.4,Казахстан
13,"Макароны ""ДАМИР"" кривые 5кг",2653.6,Казахстан
14,"Макароны ""ДАМИР"" паутинка 5кг",2653.6,Казахстан
15,"Макароны ""ДАМИР"" перья 5 кг",2653.6,Казахстан
16,"Макароны ""ДАМИР"" ракушки 5 кг",2653.6,Казахстан
17,"Макароны ""ДАМИР"" рожки 5кг",2584.05,Казахстан
18,"Макароны ""ДАМИР"" спираль 5кг",2653.6,Казахстан
19,"Макароны ""ДАМИР"" трубочки №15 5 кг",2589.4,Казахстан
20,"Макароны ""СУЛТАН"" 0,4кг (в ассортименте)",481.5,Казахстан
21,"Макароны ""СУЛТАН"" 1,6кг (в ассортименте)",1872.5,Казахстан
22,"Макароны BARILLA ""Bavette №13"" 0.5кг",749,Италия
23,"Макароны BARILLA ""Calintali"" 0,45кг",2033,Италия
24,"Макароны BARILLA ""Farfale №65"" 0,45кг",973.7,Италия
25,"Макароны BARILLA ""Fettuccine №166"" 0,5кг",1979.5,Италия
26,"Макароны BARILLA ""Fizulli №98"" 0,45кг",963,Италия
27,"Макароны BARILLA ""Lazagne №189"" 0,5кг",1637.1,Италия
28,"Макароны BARILLA ""Mafaldine №217"" 0,5кг",2011.6,Италия
,"Макароны BARILLA ""Mezze Penne Tricolore",,
29,,2022.3,Италия
,"№ 170"" 0.5кг",,
,"Макароны BARILLA ""Pappardele №176""",,
30,,1786.9,Италия
,"0,25кг",,
31,"Макароны BARILLA ""Penne №73"" 0,45кг",802.5,Италия
32,"Макароны BARILLA ""RISONI №26"" 0,45кг",802.5,Италия
33,"Макароны BARILLA ""Spagetti №5"" 0,5кг",738.3,Италия
34,"Макароны BARILLA ""Tagliatelle №16"" 0,5кг",2011.6,Италия
35,"Макароны BARILLA ""Tortigliobe №83"" 0,45кг",802.5,Италия
,"Макароны DE CECCO ""Fettuccine №233""",,
36,,2675,Италия
,0.5кг,,
37,"Макароны DE CECCO ""FUZILLI №34"" 0,5кг",1765.5,Англия
38,"Макароны DE CECCO ""Spaghetti №12"" 0,5кг",1947.4,Англия
,"Макароны DE CECCO ""Tagliatelle №203""",,
39,,2568,Англия
,"0,5кг",,
40,"Макароны GRAND PASTA ""Fettuccine 0.5кг",845.3,Турция
41,"Макароны GRAND PASTA ""Spaghetti"" 0,45кг",460.1,Турция
,"Макароны GRANORO ""Fettuccine №82""",,
42,,1786.9,Турция
,"0,5кг",,
,"Макароны GRANORO ""Lingue di Passero",,
43,,984.4,Италия
,"№3"" 0,5кг",,
,"Макароны GRANORO ""Penne rigate",,
44,,802.5,Италия
,"tricolore №231"" 0,5кг",,
,"Макароны GRANORO ""Penne rigate №26""",,
45,,802.5,Италия
,"0,5кг",,
46,"Макароны GRANORO ""Spaghetti №13"" 0,5кг",888.1,Италия
47,"Макароны GRANORO ""Spaghetti №14"" 0,5 кг",909.5,Италия
48,"Макароны GRANORO ""Spaghetti №16"" 0,5 кг",909.5,Италия
,"Макароны GRANORO ""Spiralli Grandi",,
49,,770.4,Италия
,"№100"" 0,5кг",,
,"Макароны GRANORO ""Tagliatelle Verdi",,
50,,1786.9,Италия
,"№80"" 0,5 (со шпинатом)",,
,"Макароны GRANORO ""Tagliatelle №81""",,
51,,1722.7,Италия
,"0,5кг",,
,"Макароны LE BONTA DEL CASALE ""Spaghetti",,
52,,3327.7,Италия
,"Nero"" 0,3 кг",,
53,"Макароны ЛИЯ ""Лапша яичная"" 0,4кг",449.4,Казахстан
54,"Макароны"" ДАМИР"" особые 5 кг",2589.4,Казахстан
55,"Маккроны ""ДАМИР"" трубочки 5кг",2584.05,Казахстан
56,"Мука ""100 ПУДОВ"" 1\с 10кг",4238.27,Казахстан
57,"Мука ""100 ПУДОВ"" 1\с 50кг",12305,Казахстан
58,"Мука ""100 ПУДОВ"" 1\с 5кг",1498,Казахстан
59,"Мука ""100 ПУДОВ"" в\с 10кг",4280,Казахстан
60,"Мука ""100 ПУДОВ"" в\с 25 кг",9159.2,Казахстан
61,"Мука ""100 ПУДОВ"" в\с 50кг",17965.3,Казахстан
62,"Мука ""100 ПУДОВ"" в\с 5кг",2214.9,Казахстан
63,"Мука ""100 пудов"" 1\с 25кг",6505.6,Казахстан
64,"Мука ""ЦЕСНА"" 1\с 50 кг",13000.5,Казахстан
65,"Мука ""ЦЕСНА"" в\с 25 кг",9234.1,Казахстан
66,"Мука ""Цесна"" в\с 10кг",4387,Казахстан
67,"Мука гречневая ""7 КАЗЫНА"" 1кг",861.35,Казахстан
68,"Мука из зеленой гречки ""7 КАЗЫНА"" 1кг",1358.9,Казахстан
69,"Мука кукурузная ""7 КАЗЫНА"" 1кг",738.3,Казахстан
70,"Мука нутовая ""7 КАЗЫНА"" 1кг",1337.5,Казахстан
71,"Мука овсяная ""7 КАЗЫНА"" 1кг",866.7,Казахстан
72,"Мука ржаная ""7 КАЗЫНА"" 1кг",438.7,Казахстан
73,"Мука рисовая ""7 КАЗЫНА"" 1кг",984.4,Казахстан
74,"Мука темпурная ""KANESHIRO"" 1кг",1358.9,Китай
75,"Мука темпурная ""ЯПОША"" 1кг",802.5,Китай
76,Мука темпурная KANESHIRO 5 кг,4494,Китай
77,"Мука цельнозерновая ""7 КАЗЫНА"" 1кг",492.2,Казахстан
78,"Мука"" ЦЕСНА"" в/с2 кг",834.6,Казахстан
79,"Мучная смесь ""OSHI"" темпура 18кг",9309,Россия
80,"Спагетти ""ДАМИР"" 2кг",1059.3,Казахстан
81,"Спагетти ""ДАМИР"" 5кг",2685.7,Казахстан
82,"Спагетти ""СУЛТАН"" 0,4кг",481.5,Казахстан
83,"Спагетти ""СУЛТАН"" 1,6кг",1744.1,Казахстан
84,"Спагетти ""ЦЕСНА"" 1,6кг",1417.75,Казахстан
85,"Тесто слоеное ""ВИШНЯ"" 0,9кг",1070,Казахстан
86,Тортилья пшеничные 10шт,1230.5,Казахстан
,МЯСО ПТИЦЫ,,
1,Бедро куриное в подложке (вес),1870,Казахстан
2,Бедро куриное монолит (вес),1452,Казахстан
3,Голень индейки с/м,1320,Россия
4,Голень куриная Америка 15кг (монолит),27170,США
5,Голень куриная в подложке,1903,Казахстан
6,Голень монолит (вес),1650,
7,Грудка индейки с/м вакуум,3795,Россия
8,Крыло куриное в подложке,2097.6,Казахстан
9,Крыло куриное монолит (вес),1751.5,Россия
10,Курица табака,1485,Россия
11,"Курица тушка 1,4-1,7кг",1749,Россия
12,Окорочка KZ монолит (вес),1468.8,Казахстан
13,Окорочка Бразилия крупные монолит (вес),1606,Бразилия
14,Окорочка США 15 кг,29097.6,США
15,Тушка перепелки (вес),4312,Казахстан
16,"Филе Индейки с/м ""ПАВЛОДАРСКАЯ"" (вес)",4513.6,Россия
17,Филе Утки с/м,1658.5,Китай
18,Филе куриное в подложке (вес),2339.1,Казахстан
19,Филе куриное кг монолит (вес),2086.2,Китай
20,Цыпленок корнишон (вес),3102,Казахстан
21,Яйца перепелинные 20шт,799.4,Казахстан
22,Яйцо 30шт С-1,2277,Казахстан
23,Яйцо Казгер C1 30шт,2090,Казахстан
,ПОЛУФАБРИКАТЫ И КАРТОФЕЛЬНЫЕ ИЗДЕЛИЯ,,
1,"Батат сладкий ""FARM"" 2кг",7452,Белгия
2,"Дольки картоф.""ТРИУМФ"" 2,5 кг.",3229.2,Россия
3,"Дольки картофельные ""AVIKO"" 2,5кг",3942,Нидерланды
4,"Дольки картофельные ""FARM"" 2.5кг",3348,Англия
5,"Картофель ""AVIKO"" Хашбраун 2,5кг",4660.2,Белгия
6,"Картофель пай ""HROOM"" 0,07кг",453.6,Россия
7,"Картофель сладкий Батат 2,5кг",7884,Россия
8,"Картофельные лодочки ""FARM"" 2кг",4201.2,Белгия
9,"Лодочки картофельные ""AVIKO"" 2кг",3726,Бельгия
10,Луковые кольца 1кг,2430,Россия
11,"Наггетсы куриные ""СЕРВОЛЮКС"" 2кг",4806,Россия
12,"Наггетсы куриные 1,5кг",3088.8,Россия
13,"Фри ""FARM"" 10мм 2,5кг.",3952.8,Белгия
14,"Фри ""FRY ME"" 9мм 2.5кг",2484,
15,"Фри ""KDHY"" (7мм) 2кг",2937.6,Китай
16,"Фри ""KDHY"" (9мм) 2кг",2052,Китай
17,"Фри ""MFS"" (9мм) 2.5кг",2484,Китай
18,"Фри ""ROYAL CHEF"" (9мм) 2.5кг",2613.6,Китай
19,"Фри ""STEALTH FRIES"" 9мм 2кг",1987.2,
20,"Фри ""АVIKO"" 7мм 2,5кг.",3855.6,Белгия
21,"Фри ""АVIKO"" 9,5мм 2,5кг.",3564,Белгия
22,"Фри ""ТРИУМФ"" 6мм 2,5кг",2673,Россия
23,"Фри ""ТРИУМФ"" 9мм 2,5 кг.",2486,Россия
24,"Фри AMIKO ""Golden Crunch"" 7мм 2.5кг",2675,Китай
25,"Хашбраун ""FARM"" 2.5 кг",5842.2,
26,"Хашбраун овальный ""FARM"" 2.5 кг",5959.9,Россия
27,"Шарики картофельные ""AMIKO"" 2кг",2268,Китай
28,"Шарики картофельные ""AVIKO"" 2.5кг",5335.2,Нидерланды
,ПРИПРАВЫ И СПЕЦИИ,,
1,"Бульон ""MAGGI"" говяжий на косточке 48шт",1404,Россия
2,"Бульон ""MAGGI"" золотой куриный 48шт",1404,Россия
3,"Бульон ""MAGGI"" на косточке 75 гр",496.8,Россия
4,"Бульон ""РОЛЛТОН"" говяжий 90гр",205.2,Россия
5,"Бульон ""РОЛЛТОН"" куринный 90гр",205.2,Италия
6,"Бульон ""РОЛЛТОН"" универсальный 90гр",205.2,Россия
7,"Бульон говядина ""KNORR"" 2 кг",7020,Германия
8,"Бульон говяжий ""KNORR"" 5кг",17280,Германия
9,"Бульон грибной ""KNORR"" 2 кг",11340,Германия
10,"Бульон демигласс порошок ""KNORR"" 1кг",8100,Германия
11,"Бульон куринный ""KNORR"" 5кг",17636.4,Германия
12,"Бульон куриный ""KNORR"" 1кг",7020,Германия
13,"Бульон куриный ""KNORR"" 2 кг",4860,Германия
14,"Бульон порошок демигласе 1,5 кг",14580,Турция
,"Бульонные кубики ""GALLINA BLANCA""",,
15,,1350,Россия
,говядина 10гр*48шт,,
,"Бульонные кубики ""GALLINA BLANCA""",,
16,,1350,Россия
,грибной 10гр*48шт,,
,"Бульонные кубики ""GALLINA BLANCA""",,
17,,1350,Россия
,куриный 10гр*48шт,,
18,"Ванилин ""АСЫЛ HORECA"" 1 кг",2926.8,Россия
19,"Горчица ""HEINZ"" 2л",4806,США
,"Горчица ""МАХЕЕВ"" зернистая 0,19кг",,
20,,594,Россия
,(стекло),,
,"Горчица ""МАХЕЕВ"" зернистиая 0,14кг",,
21,,367.2,Россия
,(мягкая упаковка),,
,"Горчица ""МАХЕЕВ"" паста 0,14кг (мягкая",,
22,,291.6,Россия
,упаковка),,
23,"Горчица ""МАХЕЕВ"" паста 0,19кг (стекло)",496.8,Россия
24,"Горчица ""ОМЕГА"" порошок 1 кг",1404,Казахстан
25,Горчица Русская Махеев стекло 190гр,399.6,
,"Горчица дижонская ""Covinor"" 0,37кг",,
26,,1566,Франция
,(стекло),,
27,"Горчица дижонская ""Covinor"" 1кг (стекло)",3780,Франция
,"Горчица дижонская зернистая ""Covinor""",,
28,,3790.8,Франция
,1кг (стекло),,
29,Горчица сухая зерно 1кг,3105,Россия
30,"Дрожжи ""LUX"" сырые 1кг",810,Россия
31,"Дрожжи ""PAKMAYA"" 0,05кг",216,Казахстан
32,"Дрожжи ""PAKMAYA"" 0,45кг",1350,Казахстан
33,"Желатин ""ОМЕГА"" 15гр",270,Россия
34,Кляр для крылышек 1кг,2808,
35,"Кокосовая стружка ""АСЫЛ"" 0,45кг",2080.08,Казахстан
,"Крахмал картофельный ""СЛАДКИЕ",,
36,,885.6,Россия
,"МЕЧТЫ"" 1кг",,
,"Крахмал кукурузный ""СЛАДКИЕ МЕЧТЫ"" 1",,
37,,810,Россия
,кг,,
38,"Кристалики ""ЛОТОС"" 0,4кг",216,Китай
39,"Кристалики Лотос ""ЮНН"" оригинал 0,4кг",810,Китай
40,Кунжут белый 1кг (вес),1782,Узбекистан
41,Кунжут черный 1кг (вес),3043.44,Узбекистан
42,Лавровый лист 50гр,410.4,Россия
43,"Лемонграсс сушеный ""GENSO"" 0.1кг",2732.4,Таиланд
44,Лимонная кислота 1кг,1296,Россия
45,"Лук жареный ""MANESK"" 1кг",3564,Россия
46,"Лук жареный ""MORTAS"" 1кг",3564,Китай
47,"Мак ""СЛАДКИЕ МЕЧТЫ"" 1кг",3045.6,Россия
48,Орегано 1 кг,2376,Узбекистан
49,Орегано Santa-Maria 65 гр.,3726,США
50,Паприка 1кг,1026,Узбекистан
51,"Паприка копченная ""SANTA-MARIA"" 0,5кг",8073,США
52,"Перец красный ""ROYAL"" 1кг",2592,Россия
53,"Перец красный ""АСЫЛ"" 1кг",2592,Россия
54,"Перец красный молотый ""ШЕФ"" 1кг",1674,Россия
55,"Перец черный ""АСЫЛ"" 1кг",2851.2,Россия
56,"Перец черный молотый ""ROYAL"" 1кг",2700,Россия
57,"Перец черный молотый ""ОРДА"" 1кг",2376,Россия
58,"Перец черный молотый ""ШЕФ"" 1кг",1944,Россия
59,"Приправа ""SANTA-MARIA"" ПАПРИКА 0,34кг",8078.4,США
,"Приправа ""SANTA-MARIA"" Стейкхауз 0,565",,
60,,8818.2,США
,кг,,
,"Приправа ""SANTA-MARIA"" гриль-барбекю",,
61,,5994,США
,"0,61кг",,
,"Приправа ""SANTA-MARIA"" для курицы",,
62,,5464.8,США
,"0,65кг",,
63,"Приправа ""SANTA-MARIA"" для фри 0,8кг",5886,США
,"Приправа ""SANTA-MARIA"" лимонная к",,
64,,11804.4,США
,"рыбе 0,85кг",,
,"Приправа ""SANTA-MARIA"" смесь 5 перцов",,
65,,8078.4,США
,"0,19кг",,
66,"Приправа ""SANTA-MARIA"" чесночная 1кг",6264,США
67,"Приправа ""ПРИПРАВЫЧ"" 12 овощей 0,8кг",2214,Россия
68,"Приправа ""ХОНДА-ШИ"" рыбная 1кг",3564,Китай
69,"Приправа ""ЧИМ-ЧИМ"" для капусты",442.8,Россия
70,"Приправа ""ЧИМ-ЧИМ"" для моркови",486,Россия
71,"Приправа ""ЧИМ-ЧИМ"" для огурцов",442.8,Россия
72,"Приправа ""ЧИМ-ЧИМ"" для фунчозы",464.4,Россия
73,"Приправа 12 овощей ""ROYAL"" 450гр",1134,Россия
74,Приправа Дашида для мяса 1кг,3855.6,Китай
75,Приправа Дашида для рыбы 1кг,5616,Китай
76,Приправа Чикен Редракон 1кг,2862,Россия
77,"Приправа для гриля ""ROYAL"" 450гр",1188,Россия
78,"Приправа для курицы ""ROYAL"" 450гр",1188,Россия
79,"Приправа для рыбы ""ОМЕГА"" 0,02кг",86.4,Казахстан
80,"Приправа для шашлыка ""ROYAL"" 170гр",410.4,Россия
81,"Приправа для шашлыка ""ROYAL"" 450гр",1188,Россия
82,"Приправа универсальная ""ROYAL"" 125гр",388.8,Россия
83,"Приправа универсальная ""ROYAL"" 450гр",1134,Россия
84,"Приправа универсальная ""VEGETTA"" 0,3 кг",1074.6,Италия
85,"Приправа универсальная ""VEGETTA"" 1 кг",4104,Италия
86,"Разрыхлитель для мяса 0,05кг (маленький)",648,Китай
87,"Разрыхлитель для мяса 0,25кг (большой)",896.4,Китай
88,"Разрыхлитель теста ""АСЫЛ HoReCa"" 950гр.",1360.8,Казахстан
89,"Сахар тростниковый кусковой 0,5кг",1553.04,Россия
90,"Сахарная пудра ""СЛАДКИЕ МЕЧТЫ"" 1кг.",831.6,Казахстан
91,Сода пищевая 500гр,378,Казахстан
92,"Соевое мясо ""ЮНН"" 0,13кг",378,Китай
93,"Солод ""СЛАДКИЕ МЕЧТЫ"" 1кг",939.6,Казахстан
94,"Соль ""АРАЛ"" 1кг",151.2,Казахстан
95,Соль в ассортименте 1кг,118.8,Казахстан
,Соль пищевая морская крупная,,
96,,756,
,"""Атлантика"" 1 кг",,
,"Соль пищевая морская мелкая """,,
97,,712.8,
,"Атлантика""1 кг",,
98,Соль экстра 1кг,291.6,Россия
99,"Чеснок сухой ""ПРИПРАВЫЧ"" 0,6кг",3240,Россия
100,Чеснок сухой 1кг,1425.6,Узбекистан
,СИРОПЫ,,
1,"Сироп ""INCO BRAND"" банан 1 л",2354,Казахстан
2,"Сироп ""INCO BRAND"" манго -маракуйя 1л",2354,Казахстан
3,"Сироп ""INCO BRAND"" мохито 1 л",2354,Казахстан
4,"Сироп BARBADOS ""Абрикос"" 1л",2337.95,Казахстан
5,"Сироп BARBADOS ""Ананас"" 1л",2461,Казахстан
6,"Сироп BARBADOS ""Апельсин"" 1л",2461,Казахстан
7,"Сироп BARBADOS ""Арбуз"" 1л",2589.4,Казахстан
8,"Сироп BARBADOS ""Бабл гам"" 1л",2343.3,Казахстан
9,"Сироп BARBADOS ""Банан"" 1л",2589.4,Казахстан
10,"Сироп BARBADOS ""Барбарис"" 1л",2461,Казахстан
11,"Сироп BARBADOS ""Блю курасао"" 1л",2214.9,Казахстан
12,"Сироп BARBADOS ""Ваниль"" 1л",2461,Казахстан
13,"Сироп BARBADOS ""Вишня"" 1л",2589.4,Казахстан
14,"Сироп BARBADOS ""Ганат"" 1л",2461,Казахстан
15,"Сироп BARBADOS ""Гранат"" 1л",2589.4,Казахстан
16,"Сироп BARBADOS ""Грейпфрут"" 1л",2461,Казахстан
17,"Сироп BARBADOS ""Гренадин"" 1л",2461,Казахстан
18,"Сироп BARBADOS ""Груша"" 1л",2461,Казахстан
19,"Сироп BARBADOS ""Дыня"" 1л",2461,Казахстан
20,"Сироп BARBADOS ""Зеленое яблоко"" 1л",2354,Казахстан
21,"Сироп BARBADOS ""Имбирный пряник"" 1л",2589.4,Казахстан
22,"Сироп BARBADOS ""Имбирь"" 1л",2461,Казахстан
23,"Сироп BARBADOS ""Карамель"" 1л",2344.37,Казахстан
24,"Сироп BARBADOS ""Киви"" 1л",2589.4,Казахстан
25,"Сироп BARBADOS ""Киви-Лайм"" 1л",2589.4,Казахстан
26,"Сироп BARBADOS ""Клубника"" 1л",2589.4,
27,"Сироп BARBADOS ""Кокос"" 1л",2343.3,Казахстан
28,"Сироп BARBADOS ""Корица"" 1л",2343.3,Казахстан
29,"Сироп BARBADOS ""ЛИМОН"" 1л",2343.3,Казахстан
30,"Сироп BARBADOS ""Лайм"" 1л",2343.3,Казахстан
31,"Сироп BARBADOS ""Лесной орех"" 1л",2461,Казахстан
32,"Сироп BARBADOS ""Лесные Ягоды"" 1л",2589.4,Казахстан
33,"Сироп BARBADOS ""Малина"" 1л",2589.4,Казахстан
34,"Сироп BARBADOS ""Манго"" 1л",2589.4,Казахстан
35,"Сироп BARBADOS ""Манго-Маракуйя"" 1л",2589.4,Казахстан
36,"Сироп BARBADOS ""Мандарин"" 1л",2354,Казахстан
37,"Сироп BARBADOS ""Маракуйя"" 1л",2589.4,Казахстан
38,"Сироп BARBADOS ""Миндаль"" 1л",2461,Казахстан
39,"Сироп BARBADOS ""Мохито"" 1л",2343.3,Казахстан
40,"Сироп BARBADOS ""Мята"" 1л",2343.3,Казахстан
41,"Сироп BARBADOS ""Облепиха"" 1л",2589.4,Казахстан
42,"Сироп BARBADOS ""Огурец"" 1л",2461,Казахстан
43,"Сироп BARBADOS ""Персик"" 1л",2461,Казахстан
44,"Сироп BARBADOS ""Попкорн"" 1л",2343.3,Казахстан
45,"Сироп BARBADOS ""Соленая Карамель"" 1л",2343.3,Казахстан
46,"Сироп BARBADOS ""Тархун"" 1л",2461,Казахстан
47,"Сироп BARBADOS ""Фундук"" 1л",2343.3,Казахстан
48,"Сироп BARBADOS ""Черная Смородина"" 1л",2589.4,Казахстан
49,"Сироп BARBADOS ""Шоколад"" 1л",2461,Казахстан
50,"Сироп ESKO "" Лемонграсс""",2439.6,Казахстан
51,"Сироп ESKO ""Ананас"" 1л",2354,Казахстан
52,"Сироп ESKO ""Арбуз"" 1л",2354,Казахстан
53,"Сироп ESKO ""Банан"" 1л",2354,Казахстан
54,"Сироп ESKO ""Блю-Курасао"" 1л",2354,Казахстан
55,"Сироп ESKO ""Ваниль"" 1л",2354,Казахстан
56,"Сироп ESKO ""Вишня"" 1л",2354,Казахстан
57,"Сироп ESKO ""Гранат"" 1л",2354,Казахстан
58,"Сироп ESKO ""Гренадин"" 1л",2354,Казахстан
59,"Сироп ESKO ""Груша"" 1л",2354,Казахстан
60,"Сироп ESKO ""Дыня"" 1л",2354,Казахстан
61,"Сироп ESKO ""Ирландский крем"" 1л",2354,Казахстан
62,"Сироп ESKO ""Карамель"" 1л",2354,Казахстан
63,"Сироп ESKO ""Киви"" 1л",2707.1,Казахстан
64,"Сироп ESKO ""Киви-Лайм"" 1л",2354,Казахстан
65,"Сироп ESKO ""Клубника"" 1л",2354,Россия
66,"Сироп ESKO ""Лайм"" 1л",2354,Россия
67,"Сироп ESKO ""Лесная ягода"" 1л",2439.6,Казахстан
68,"Сироп ESKO ""Лесной орех"" 1л",2354,Казахстан
69,"Сироп ESKO ""Лимон"" 1л",2354,Казахстан
70,"Сироп ESKO ""Малина"" 1л",2354,Казахстан
71,"Сироп ESKO ""Манго"" 1л",2439.6,Казахстан
72,"Сироп ESKO ""Маракуйя"" 1л",2439.6,Казахстан
73,"Сироп ESKO ""Мохито"" 1л",2354,Казахстан
74,"Сироп ESKO ""Сахарный"" 1л",2354,Казахстан
75,"Сироп ESKO ""Чайная роза"" 1л",2354,Казахстан
76,"Сироп ESKO ""Шоколад"" 1л",2354,Казахстан
77,"Сироп HERSHEYS ""Карамель"" 0,623л",3959,США
78,"Сироп HERSHEYS ""Клубника"" 623гр",3959,США
79,"Сироп HERSHEYS ""Шоколад"" 0,623л",3959,США
80,"Сироп ЕSCO ""Апельсин"" 1л",2354,Казахстан
81,"Сироп ЕSCO ""Манго-Маракуйя"" 1л",2354,Казахстан
82,СОУСЫ И УКСУСЫ,0,
83,"Жидкий дым ""КОСТРОВОК"" 0,33л",907.2,Россия
84,"Кетчуп ""3 ЖЕЛАНИЯ"" 5л",3888,Казахстан
85,"Кетчуп ""HEINZ"" 0,8кг",1933.2,США
86,"Кетчуп ""HEINZ"" 2л",3726,США
87,"Кетчуп ""АSTORIA"" 2лит",2386.8,Россия
88,"Кетчуп ""МАХЕЕВ"" сошет 120шт",3358.8,Россия
89,"Кетчуп ""РОДНИК"" шашлычный 0,75л",723.6,Россия
90,"Кетчуп томатный ""HIENZ"" дип-пот 125шт",8100,США
91,"Лимонный концентрат ""FORELLI"" 1л.",1803.6,Россия
92,"Майонез ""3 ЖЕЛАНИЯ"" легкий 15% 5кг",4158,Казахстан
93,"Майонез ""3 ЖЕЛАНИЯ"" провансаль 0,7кг",1576.8,Казахстан
94,"Майонез ""3 ЖЕЛАНИЯ"" провансаль 0,8кг",1490.4,Казахстан
95,"Майонез ""3 ЖЕЛАНИЯ"" провансаль 67% 5кг",6523.2,Казахстан
96,"Майонез ""ASSORTI HORECA"" 25,5% 10кг",8100,Казахстан
97,"Майонез ""ASTORIA"" провансаль 67% 9,6кг",11804.4,Россия
98,"Майонез ""ASTORIA""10 лит 57%",11410.2,Россия
99,"Майонез ""МАХЕЕВ"" провансаль 0,8кг",1188,Россия
,"Майонез ""МАХЕЕВ"" с лимонным соком",,
100,,1188,Россия
,"0,8кг",,
,"Майонез ""МАХЕЕВ"" с оливковым маслом",,
101,,1468.8,Россия
,"0,8кг",,
,"Майонез ""МАХЕЕВ"" с перепелиным яйцом",,
102,,1112.4,Россия
,"0,8кг",,
103,Майонез Провансаль PROFIGUSTO 67% 10л,9687.6,Казахстан
104,Майонез Провансаль YUMMY 67% 10л,8100,Россия
105,Майонез Провансаль АССОРТИ 67% 10кг,10184.4,Россия
,"Пицца соус ""AROMATIZZATA"" 4кг (мягкая",,
106,,5724,Казахстан
,упаковка),,
107,"Пицца соус ""ASTORIA"" 2кг",2679.48,Россия
108,"Пицца соус ""CHEF GOURMET"" 4.05кг ж/б",6102,Италия
109,"Пицца соус ""LOLI;K"" 4.1кг ж/б",5216.4,Армения
110,"Пицца соус ""MUTTI PELATI"" 0,4кг",1844.64,Италия
111,"Пицца соус ""MUTTI PELATI"" 2,5кг",6836.4,Италия
112,"Пицца соус ""MUTTI"" 4,1кг ж\б",11556,Италия
113,"Пицца соус ""MUTTI"" 5,1кг (мягкая упаковка)",13662,Италия
114,"Свит чили ""AMIGO"" 3.5кг",5508,Казахстан
115,"Свит чили ""AMIGO"" 5,5кг не использовать",7776,Казахстан
116,"Свит чили ""AROY-D"" 0,92кг",2808,Таиланд
117,"Свит чили ""AROY-D"" 2,4 кг.",5594.4,Таиланд
118,"Свит чили ""AROY-D"" 5,4кг",13046.4,Таиланд
119,"Свит чили ""AROY-D"" для курицы 0,35кг",1296,Таиланд
120,"Свит чили ""CANNERU"" 1,3кг",2160,Казахстан
121,"Свит чили ""CANNERU"" 2,6кг",4320,Казахстан
122,"Свит чили ""CANNERU"" 5,4кг",8100,Казахстан
123,"Свит чили ""SANTA-MARIA"" 1,95л (чили)",8316,США
124,"Соевый соус ""AMOY"" 0,55л",648,Китай
125,"Соевый соус ""KANIMORI"" 20л",6480,Китай
126,"Соевый соус ""KIKKOMAN"" 1,8л",6156,Германия
127,"Соевый соус ""KIKKOMAN"" 1л",6804,Германия
128,"Соевый соус ""SHEFU-SAN"" 1.8л",1998,Россия
129,"Соевый соус ""КIKKOMAN"" 19л",17388,Германия
130,"Соевый соус ""ЛАУ-ШУ"" 1,8л (для лагмана)",2235.6,Китай
131,"Соевый соус ""ОБОК"" 1л",918,Китай
132,"Соевый соус ""ЮНН"" 0,5л",810,Китай
133,"Соевый соус ""ЮНН"" 5л",3240,Китай
134,"Соевый соус ЮЙИ 4,5л",3353.4,Китай
135,"Соус ""ASSORTI"" сырный 1л",1512,Россия
136,"Соус ""ASTORIA"" дип-пот чесночный 125шт",8694,Россия
137,"Соус ""ASTORIA"" сальса 1кг",1922.4,Россия
138,"Соус ""ASTORIA"" сырный 1л",1868.4,Россия
139,"Соус ""EASY"" барбекю 1,8л-2,05кг",4104,Казахстан
140,"Соус ""EASY"" барбекю 1л (ведро)",1598.4,Казахстан
141,"Соус ""EASY"" бургер 1л (ведро)",1595.16,Казахстан
142,"Соус ""EASY"" горчичный 1л (ведро)",1497.96,Казахстан
143,"Соус ""EASY"" манго-чили 1,8л-2,15кг",4104,Казахстан
144,"Соус ""EASY"" сырный ведро 1л",1566,Казахстан
145,"Соус ""EASY"" терияки 1,8л-2,15кг",3651.48,Казахстан
146,"Соус ""EASY"" унаги 1,8л-2,22кг",3676.32,Казахстан
147,"Соус ""EASY"" унаги 5л-5,8кг",6737.04,Казахстан
148,"Соус ""GENSO Lemongrass"" 0.855л",3105,Таиланд
149,"Соус ""HEINZ"" кетчуп дип-пот 125шт",9180,США
150,"Соус ""HEINZ"" сырный 1л",2764.8,Россия
151,"Соус ""HEINZ"" сырный дип-пот 125шт",9180,США
152,"Соус ""HIENZ"" чесночный ранч 1л",2311.2,Россия
153,"Соус ""LOUISIANA SUPREME"" 1л",3672,США
154,"Соус ""PARAD"" барбекю 0,51кг",2484,США
155,"Соус ""АSTORIA"" барбекю 1л",1782,Россия
156,"Соус ""АSTORIA"" бургер 1л",1868.4,Россия
157,"Соус ""АSTORIA"" горчичный 1л",1825.2,Россия
158,"Соус ""АSTORIA"" сметанный с грибами 1л",1927.8,Россия
159,"Соус ""АSTORIA"" терияки 1л",2214,Россия
160,"Соус ""АSTORIA"" цезарь 1л",1857.6,Россия
161,"Соус ""АSTORIA"" чесночный 1л",1846.8,Россия
162,"Соус ""АМИГО САН"" свит чили 5,5кг",7938,Казахстан
163,"Соус ""КОБРА"" жгучая 0,345кг",777.6,Казахстан
164,"Соус ""КОЧУДЯН"" 0,5кг",3110.4,Китай
165,"Соус HEINZ ""Ворчестер"" 0,532л",4050,США
166,"Соус Бальзамик ""CARANDINI"" светлый 0,5л",3024,Италия
167,"Соус Бальзамик ""CARANDINI"" темный 0,5л",3402,Италия
168,Соус Бульгоги 0.84л,3850.2,Корея
169,"Соус Кимчи ""ASA"" 1.8л",4309.2,Китай
170,"Соус Кимчи ""SHEFU-SAN"" 1.8л",2754,Россия
171,"Соус Кимчи Бейс ""YAKIMAL"" 1.8л",4104,Россия
172,"Соус Орехово-кунжутный ""ASA"" 1л",3240,Китай
173,"Соус Ореховый ""GENSO"" 1,5л",5216.4,Китай
174,"Соус Песто ""ITALCARCOIFI"" 0,2кг",1566,Италия
175,"Соус Рисовый Мирин ""YAKIMAL""1.8л",2613.6,Китай
176,"Соус Рыбный ""AROY-D"" 0,84л",2376,Таиланд
177,"Соус Табаско ""McLIHENNY"" 0,06кг",2116.8,Италия
178,"Соус Табаско ""McLIHENNY"" 0,150кг",3726,Италия
179,"Соус Терияки ""GENZO"" 1.5 л",2268,Китай
180,"Соус Терияки ""SHEFU-SAN"" 1.8л",2862,Россия
181,"Соус Унаги ""GENZO"" 1.7 л",2484,Китай
182,"Соус Унаги ""YAKIMAL"" 1.8л",2980.8,Китай
183,"Соус Устричный ""Жуй Синь/Япоша"" 1,2 кг",1404,Китай
184,"Соус Устричный ""Жуй Синь/Япоша"" 2,27кг.",3456,Китай
185,"Соус Шрирача ""UNI EAGLE"" 0,815кг",2980.8,Китай
186,"Соус Шрирача ""ТАМАКИ"" 1л",2359.8,Россия
187,"Соус дип-пот ""ASTORIA"" 125шт барбекю",8197.2,Россия
188,Соус дип-пот ASTORIA 125шт кетчуп,8391.6,Россия
189,Соус дип-пот ASTORIA 125шт сырный,8391.6,Россия
190,"Соус кунжутный ""SHEFU-SAN"" 1.8л",3240,Россия
191,"Соус свит чили ""GOURMET"" 0,92КГ",2268,Таиланд
192,"Соус устричный ""ESAY"" 0,5л",1109.16,Казахстан
193,"Соус устричный ""ESAY"" 1.8л",3110.4,Казахстан
194,"Соус устричный ""ESAY"" 5л",6395.76,Казахстан
195,"Терияки ""АSА\Якимал"" 1.8л",2862,Китай
196,"Ткемали ""КИНТО"" Раний 0,3",1620,Россия
197,"Ткемали ""КИНТО"" классик 0,3л",1620,Россия
198,"Томатная паста ""ДРАКОН"" 3кг ж/б",2608.2,Казахстан
199,"Томатная паста ""ЦИН КАЗ"" 0,85 кг ж/б",1382.4,Казахстан
200,"Томатная паста ""ЦИН КАЗ"" 1кг (стекло)",1868.4,Россия
201,"Томатная паста КАЗФУД ""Береке"" 1кг",1047.6,Казахстан
,"Томаты в собственном соку ""NOVA\Pelati""",,
202,,3888,Турция
,"2,5 кг",,
203,"Уксус ""VIYI Китайский Шал"" 0,5л",388.8,Китай
204,"Уксус 70% ""СИБИРСКИЙ УКСУС"" 0,160мл",313.2,Казахстан
205,"Уксус 9% ""ЗАПАС НА ЗИМУ"" 0,9л",216,Россия
206,"Уксус 9% ""ЗАПАС НА ЗИМУ"" 1л",529.2,Россия
207,"Уксус Бальзамик ""DE NIGRIS"" светлый 1л",2916,Италия
208,"Уксус Бальзамик ""DE NIGRIS"" светлый 0,5л",1890,Италия
209,"Уксус Бальзамик ""DE NIGRIS"" темный 0,5л",1868.4,Италия
210,"Уксус Бальзамик ""DE NIGRIS"" темный 1л",2856.6,Италия
211,"Уксус Винный ""DE NIGRIS"" 0,5л",1350,Китай
212,"Уксус Винный ""DE NIGRIS"" белый 0,5л",1350,Италия
213,"Уксус Винный ""DE NIGRIS"" белый 1л",1868.4,Италия
214,"Уксус Винный ""DE NIGRIS"" красный 0,5л",1404,Италия
215,"Уксус Винный ""DE NIGRIS"" красный 1л.",1890,Италия
216,"Уксус Винный ""KUHNE"" белый 0,25л",1576.8,Италия
217,"Уксус Винный ""KUHNE"" красный 0,25л",1350,Италия
218,"Уксус Рисовый ""FUJI"" 20л",14580,Китай
,"Уксус Рисовый ""СИБИРСКИЙ УКСУС"" 3%",,
219,,534.6,Россия
,"0,25л",,
220,"Уксус Рисовый Мицукан ""KANIMORI"" 20л",6458.4,Китай
221,"Уксус Яблочный ""DE NIGRIS"" 0,75л",2376,Италия
,"Уксус Яблочный 6% ""Сибирский уксус""",,
222,,302.4,Россия
,"0,25л",,
,СУШИ БАР,,
1,"Васаби ""OSHI"" Powder 1кг (красная)",,
2,"Васаби порошок ""Fumiko"" 1кг.",3780,Китай
3,"Васаби порошок ""Sango"" 1кг",2613.6,Китай
4,"Водоросли Вакаме сушеные 0,5кг",5184,Китай
5,Водоросли Комбу сушеные,8197.2,Китай
6,"Водоросли Нори ""LUX"" 100шт",6836.4,Китай
7,"Водоросли Нори ""NIHAO"" 100шт",7203.6,Китай
8,"Водоросли Нори ""SANGO"" 100шт",7581.6,Корея
9,"Водоросли Нори ""SUSAMI"" 100шт",7516.8,Корея
10,"Водоросли Нори ""TAMAKI"" 100шт",6372,Россия
11,"Водоросли Нори ""TIDORI"" 100шт",7668,Китай
12,"Водоросли Нори ""TIDORI"" 50 лист",3996,Корея
13,Водоросли Онигири 100шт,7754.4,Китай
14,"Икорная закуска красная 0,113кг",518.4,Россия
15,"Икорная закуска черная 0,113кг",572.4,Россия
16,"Икра ""MAKI PLUS"" macaro (зеленая) 0,5кг",3888,Россия
17,"Икра ""MAKI PLUS"" macaro (красная) 0,5кг",4849.2,Россия
,"Икра ""MAKI PLUS"" macaro (оранжевая)",,
18,,4222.8,Россия
,"0,5кг",,
19,"Икра ""MAKI PLUS"" macaro (черная) 0,5кг",3888,Россия
20,"Икра ""OSHI"" macaro (красная) 0,5кг",3315.6,Россия
21,"Икра масаго ""HANSEY"" 0,5кг",3348,Россия
22,"Имбирь маринованный белый 1,3кг",1177.2,Китай
23,"Имбирь маринованный красный 1,4кг",831.6,Китай
24,"Лапша KEKESHI ""Soba"" 0.3кг",561.6,Китай
25,"Мисо паста ""GENSO"" светлая 1кг",2052,Китай
26,"Мисо паста ""GENSO"" темная 1кг",1998,Китай
27,"Мука темпурная острая ""KANESHIRO"" 1кг",1242,Китай
28,"Редька маринованная ""TAKUAN""",918,Китай
29,"Сухари KANESHIRO ""Daruma golden mix"" 1кг",1609.2,Китай
30,"Сухари панировочные ""KANESHIRO"" 1кг",2160,Китай
31,"Сухари панировочные ""Panko"" 10кг.",4719.6,Казахстан
32,"Сухари панировочные ""Panko"" 1кг",918,Казахстан
,"Сухари панировочные ""Япоша"" Golden mix",,
33,,1296,Казахстан
,1кг,,
,"Сухари панировочные KANESHIRO ""Golden",,
34,,2430,Китай
,"mix"" 1кг",,
35,"Тунец стружка ""БОНИТО"" 0,5кг",7203.6,Китай
36,Угорь филе х/к без соуса,11178,Китай
37,Угорь филе х/к 30% с соусом вакуум,6966,Китай
38,Чукка салат 1кг,1987.2,Россия
39,СЫРЫ И СЫРНЫЕ ПРОДУКТЫ,0,
40,"Моцарелла ""ALTI SPECIAL"" экстра (вес)",3370.5,Россия
41,"Моцарелла ""ALTI"" экстра (вес)",3317,Россия
42,"Моцарелла ""ARITAL"" (вес)",3081.6,Россия
43,"Моцарелла ""BONFESTO"" 1кг",4643.8,Беларусь
44,"Моцарелла ""ROKISKIO"" (вес)",5296.5,Латвия
45,"Моцарелла ""TOPING LIGHT"" 2кг батон",5296.5,Россия
46,"Моцарелла ""ГРАНД ЛОРД"" (вес)",3584.5,Россия
47,"Моцарелла ""КАЗАНЬ"" 2кг",2953.2,Россия
48,"Моцарелла ""КРАЛ"" (вес)",2621.5,Казахстан
49,"Моцарелла ""ЛУГА АЛАТАУ"" 40% (вес)",3680.8,Казахстан
50,"Моцарелла ""САВУШКИН"" (вес)",3322.35,Россия
51,"Моцарелла ""ЭМИР"" (вес)",3852,Казахстан
52,"Моцарелла BONFESTO ""Coocing"" 45% 2,6 кг.",8494,Беларусь
53,"Моцарелла BONFESTO ""Cooking"" 40% 2,6 кг.",12604,Беларусь
,"Моцарелла BONFESTO ""Cooking"" тертый",,
54,,7310.32,Беларусь
,45% 2кг.,,
55,"Моцарелла Лайт ""ЭЛИПСМОЛ"" 50% 2кг",2652.32,Россия
56,Моцарелла Пицца Топинг 45%,5293.68,Беларусь
57,"Моцарелла в рассоле ""ZUGER"" 0,125кг",1304.24,Швейцария
58,"Моцарелла мини ""ZUGER"" 0,15кг",2126.24,Швейцария
59,"Моцарелла мини ""ZUGER"" 0,5кг",5151.2,Швейцария
60,"Моцарелло ""ЮГОВСКАЯ"" 50% 2кг",2849.6,Россия
61,"Сыр ""HOCHLAND"" чеддар 160шт 1.68кг",10291.44,Россия
62,"Сыр ""БЕРЕЗКА"" голандский",4826.78,Украина
63,"Сыр ""КОМО"" в ассортименте",5754,Беларусь
64,"Сыр ""ФЕТА БЕЛАЯ"" 40% 0,25кг",1205.6,Россия
65,Сыр Бри с белой плесенью 125гр.,1611.12,Дания
66,"Сыр Брынза ""ЭМИР"" (вес)",3945.6,Казахстан
67,"Сыр Гауда ""БЖП"" (вес)",3222.24,Украина
68,Сыр Гауда желтая (вес),4274.4,Россия
,Сыр Камамбер с белой плесенью,,
69,,2816.72,Дания
,"""DAIYLAND"" 0,125кг",,
70,"Сыр Маскарпоне мягкий ""BONFESTO"" 0.5кг",3123.6,Беларусь
71,"Сыр Пармезан ""GRANA PADANO"" 0,15кг",4658,Италия
72,"Сыр Пармезан ""ДЖУГАС"" 2мес",10466.8,Россия
73,"Сыр Пармезан ""Дантес Нуар"" ЮКМП 45%",6685.6,Россия
74,Сыр Пармезан тертый сухой,3726.4,Италия
75,"Сыр Рикотта мягкий ""BONFESTO"" 0.5кг",1523.44,Беларусь
76,"Сыр Сулугуни ""ЭМИР"" (вес)",3945.6,Казахстан
77,"Сыр Чеддар ""HOHLAND"" 1*90 шт",8472.08,Россия
78,"Сыр Чеддер ломтики 108 шт (1,328кг)",9458.48,Россия
79,Сыр Чечил косичка,4033.28,Россия
80,"Сыр маскарпоне ""BONFESTO"" 0,25кг",1700.99,Беларусь
,"Сыр пармезан Alberio ""GRANA PADANO""",,
81,,4438.8,Италия
,0.2кг,,
,"Сыр плавленный сливочный ""HOCHLAND""",,
82,,3244.16,Россия
,"0,4кг",,
,"Сыр плавленный сливочный ""PRESIDENT""",,
83,,2268.72,Казахстан
,"0,4кг",,
84,"Сыр пласт ""HOCHLAND"" чизбургер 0,15кг",1282.32,Россия
,"Сыр пласт ""PRESIDENT"" 0.3кг (Чиз Ролл)",,
85,,1698.8,Россия
,16ломт,,
86,"Сыр с голубой плесенью ""DANABLU"" 0,1кг",1830.32,Италия
87,"Сыр сливочный ""WILLE"" 1,5 кг 74%",4921.04,Иран
88,"Сыр сливочный ""WILLE"" 1,5кг 69%",5041.6,Иран
89,"Сыр сливочный ""WILLE"" 9,5кг 69%",29592,Иран
90,"Сыр творожный ""РAMMAK"" 69% 1,5кг",4537.44,Иран
91,"Сыр творожный ""СЕРВОЛЮКС"" 11кг",32452.56,Беларусь
92,"Сыр творожный ""BONFESTO Cooking"" 11 кг",36716,Беларусь
,"Сыр творожный ""HOCHLAND Cremettе"" 10",,
93,,42744,Россия
,кг,,
94,"Сыр творожный ""HOCHLAND"" 0,4кг",3375.68,Россия
95,"Сыр творожный ""HOCLAND Cremettе"" 2,2кг",10335.28,Россия
96,"Сыр творожный ""RASA"" 60% 10кг",30249.6,Россия
97,"Сыр творожный ""Савушкин"" 65% 10,5 кг.",35422.72,Беларусь
98,"Сыр творожный КремЧиз(вкус Токио) 3,3л",6433.52,Россия
99,"Сыр фетакса ""HOCLAND"" 0,4кг",2520.8,Россия
100,Сырные палочки с моцареллой 1кг,4658,Россия
,"Сырный продукт ""Российский"" БЖП 50%",,
101,,3263.89,Россия
,(вес),,
,"Сырный продукт ""Сметанковый квадрат""",,
102,,3397.6,Россия
,50% (вес),,
103,"Фета ""PRESIDENT"" Salakis 0.25кг",4164.8,Казахстан
104,"Фета ""PRESIDENT"" Salakis 0.5кг",4159.32,Казахстан
105,Шарики сырные с моцарелла 1кг,4411.4,Россия
106,ХОЗ.ТОВАРЫ,0,
107,"Жироудалитель ""Шуманит"" 400 мл",3445.4,Россия
108,Контейнер ПРК-30-С3 мультипак 480 шт,67.41,Казахстан
109,Стакан одноразовый 0.35л,25.68,
,Уголок бумажный для бургера 170*170,,
110,,8.56,Казахстан
,2000шт,,
,ЧАЙ-КОФЕ,,
,"Кофе ""JACOBS MONARCH"" 130гр (мягкая",,
1,,3510,Россия
,упаковка),,
,"Кофе ""JACOBS MONARCH"" 150гр (мягкая",,
2,,2700,Россия
,упаковка),,
3,"Кофе ""JACOBS MONARCH"" 190гр (стекло)",5032.8,Россия
,"Кофе ""JACOBS MONARCH"" 400гр (мягкая",,
4,,8445.6,Россия
,упаковка),,
5,"Кофе ""JACOBS MONARCH"" 47,5гр (стекло)",1058.4,Россия
,"Кофе ""JACOBS MONARCH"" 500гр (мягкая",,
6,,8208,Россия
,упаковка),,
7,"Кофе ""JACOBS MONARCH"" 95гр (стекло)",2710.8,Россия
,"Кофе ""JACOBS MONARCH""230гр (мягкая",,
8,,5659.2,Россия
,упаковка),,
9,"Кофе ""MACCOFEE"" 3в1 25шт",2365.2,Сингапур
10,"Кофе ""MACCOFEE"" ведро 160шт",15282,Сингапур
11,"Кофе ""NESCAFE GOLD"" 95гр (стекло)",2484,Россия
12,"Кофе ""NESCAFE GOLD"" 47,5гр (стекло)",1080,Россия
13,"Кофе ""NESCAFE"" 0,5 кг (мягкая упаковка)",8337.6,Россия
14,"Кофе ""NESCAFE"" 47,5гр (стекло)",1350,Россия
15,"Кофе ""NESCAFE"" 95гр (стекло)",1674,Россия
16,"Чай ""BAYCE"" гранулированный черный 1кг",3024,Казахстан
17,"Чай ""BAYCE"" гранулированный черный 5кг",11934,Казахстан
18,"Чай ""BAYCE"" листовой зеленый 1кг",3510,Казахстан
,"Чай ""BAYCE"" пакетированный зеленый",,
19,,1695.6,Казахстан
,100пак,,
,"Чай ""BAYCE"" пакетированный черный",,
20,,1512,Казахстан
,100пак,,
21,"Чай ""BETA"" листовой черный 0,25кг",2084.4,Казахстан
22,"Чай ""BETA"" листовой черный 0,5кг",4028.4,Казахстан
,"Чай ""CHAMPION"" гранулированный",,
23,,1674,Казахстан
,"черный 0,25кг",,
,"Чай ""CHAMPION"" гранулированный",,
24,,2732.4,Казахстан
,"черный 0,5кг",,
,"Чай ""CHAMPION"" гранулированный",,
25,,5594.4,Казахстан
,черный 1кг,,
26,"Чай ""CHAMPION"" листовой черный 0,25кг",1674,Казахстан
27,"Чай ""CHAMPION"" листовой черный 0,5кг",3920.4,Казахстан
28,"Чай ""GRENFIELD"" листовой зеленый 0,2кг",1836,Казахстан
29,"Чай ""GRENFIELD"" листовой черный 0,2кг",1836,Казахстан
,"Чай ""GRENFIELD"" пакетированный зеленый",,
30,,2106,Казахстан
,100пак,,
,"Чай ""GRENFIELD"" пакетированный черный",,
31,,2106,Казахстан
,100пак,,
32,"Чай ""MACTEA"" 3в1 20шт",1863,Сингапур
,"Чай ""АССАМ"" гранулированный черный",,
33,,1998,Казахстан
,500гр,,
34,"Чай ""АССАМ"" гранулированный черный 1кг",3888,Казахстан
,"Чай ""ПИАЛА"" гранулированный черный",,
35,,2484,Казахстан
,"0,5кг",,
,"Чай ""ПИАЛА"" пакетированный зеленый",,
36,,1674,Казахстан
,100пак,,
,"Чай ""ПИАЛА"" пакетированный черный",,
37,,1684.8,Казахстан
,100пак,,
,ЯГОДЫ И ОВОЩИ С/М,,
1,"Беби морковь ""FROZER"" 2,5кг",5184,
2,Беби морковь ARDO 1кг,1512,Белгия
3,"Бобы Эдамаме ""ESORO"" 1кг",3039.12,
4,Брокколи с/м 1кг (вес),1490.4,Россия
5,"Брюссельская капуста ""ARDO"" 2,5кг",1490.4,Россия
6,"Брюссельская капуста ""FROZANA"" 2,5кг",4968,Россия
7,Брюссельская капуста с/м1кг (вес),2484,Россия
8,"Горох ""FROZENA"" с/м 2,5 кг",4968,Россия
9,"Горох Эдамаме ""ESORO"" с/м 0,5кг",2268,Турция
10,Горошек зеленый с/м (вес),1371.6,Россия
11,Капуста цветная с/м (вес),1404,Россия
12,Кукуруза зерно с/м (вес),1782,Россия
13,Кукуруза пачатки с/м (вес),2592,Россия
14,"Луковые кольца ""FARM"" 1кг",2646,Великобритания
15,"Луковые кольца ""FEAST"" 1.5кг",3110.4,Турция
16,Манго кубики с/м 1кг,2160,Россия
17,Морковь мини с/м 1кг,2268,Россия
18,"Пюре Манго ""АГРОБАР"" с/м 1кг",4968,Россия
19,"Пюре Маракуйя ""ECOPRODUCT"" 1кг",5832,Вьетнам
20,"Пюре Маракуя ""АГРОБАР"" с/м 1кг",6048,Россия
21,Спаржа с/м 1кг,5292,Россия
22,"Фасоль ""FROZANA"" с/м 2,5 кг",3726,Россия
23,Фасоль стручковая с/м,1188,Россия
24,"Шпинат ""FROZENA"" с/м 2,5 кг",4039.2,Россия
25,"Шпинат ""АРДО"" с/м 2,5кг",4968,Россия
26,Шпинат с/м резанный 1кг,1679.4,Россия
27,Ягода Брусника с/м 1кг,2484,Россия
28,"Ягода Смородина с/м 0,3кг",1339.2,Украина
29,Ягоды Вишня с/м без косточки 1кг,4352.4,Россия
30,Ягоды Ежевика с/м 1кг,2862,Россия
31,Ягоды Клубника с/м 1кг,1620,Россия
32,Ягоды Клюква дикая с/м 1кг,3348,Россия
33,Ягоды Клюква садовая с/м 1кг,3078,Россия
34,Ягоды Малина с/м 1кг,4212,Россия
35,Ягоды Облепиха садовая с/м 1кг,1836,Россия
36,Ягоды Смородина с/м 1кг,4730.4,Россия
37,Ягоды Черника с/м,4860,Россия
